{"cameraMode":{"drawMode":0,"name":"Shaded","section":"Shading Mode"},"sceneLighting":true,"audioPlay":false,"sceneViewState":{"showFog":true,"showMaterialUpdate":false,"showSkybox":true,"showFlares":true,"showImageEffects":true,"showParticleSystems":true},"in2DMode":false,"pivot":{"x":-6.57470703125,"y":-3.004578113555908,"z":22.276702880859376},"rotation":{"x":0.08859208971261978,"y":-0.047483813017606738,"z":0.004228175152093172,"w":0.9949272274971008},"size":50.98616027832031,"orthographic":false}